Name,SymbolID,Status2,Longitude,Latitude
Aberdeen,0,Operational,-2.08,57.14
Acajutla_SV,0,Operational,-89.838128,13.573792
Acapulco_MX,1,Not operational,-99.9166,16.8333
Acapulco2,0,Operational,-99.9033333,16.8383333
Atlantic_City_NJ,0,Operational,-74.4183,39.355
Atlantic_City_NJ,0,Operational,-74.4183,39.355
Acapulco Club de Yates,0,Operational,-99.90298,16.83799
Adak_AK,0,Operational,-176.632,51.863
Adak_AK,0,Operational,-176.632,51.863
Aguadilla (Crash Boat),1,Not operational,-67.165,18.4583333
Alitak_US,0,Operational,-154.2481,56.8975
Alitak_US,0,Operational,-154.2481,56.8975
Alameda_CA,0,Operational,-122.298,37.772
Alameda_CA,1,Not operational,-122.298,37.772
Albufeira,1,Not operational,-8.260396,37.08254
Alert,1,Not operational,-62.32,82.49
Algeciras,0,Operational,-5.39838,36.177
Almeria,0,Operational,-2.47835,36.83002
Alvarado,0,Operational,-95.766667,18.766667
Charlotte-Amalie_VI,1,Not operational,-64.92,18.335
Charlotte-Amalie_VI,0,Operational,-64.92,18.335
Anchorage_AK,0,Operational,-149.888,61.238
Anchorage_AK,1,Not operational,-149.888,61.238
Apalachicola_FL,0,Operational,-84.982,29.727
Apalachicola_FL,0,Operational,-84.982,29.727
"Lawma, Amerada Pass, LA",0,Operational,-91.3381,29.4496
"Lawma, Amerada Pass, LA",0,Operational,-91.3381,29.4496
Arecibo,0,Operational,-66.7024,18.4805
Arecibo (GTS),0,Operational,-66.7024,18.4805
Arcachon Eyrac,0,Operational,-1.16355,44.665
Arcachon Eyrac 2,0,Operational,-1.16355,44.665
Arena_Cove_CA,0,Operational,-123.705,38.913
Arena_Cove_CA,0,Operational,-123.705,38.913
Arrecife,0,Operational,-13.53006,28.97188
Arrifana,1,Not operational,-8.869385,37.295569
Astoria_OR,0,Operational,-123.767,46.208
Astoria_OR,0,Operational,-123.767,46.208
"Atka, AK",0,Operational,-174.173,52.2317
Audierne,0,Operational,-4.5372,48.0216
Audierne 2,0,Operational,-4.5372,48.0216
Avonmouth Portbury,0,Operational,-2.73,51.5
"Ballyglass pier, Belmullet",0,Operational,-9.89,54.253
Baltimore_MD,0,Operational,-76.578,39.267
Baltimore_MD,0,Operational,-76.578,39.267
Bar_Harbor_ME,0,Operational,-68.205,44.3916
Bar_Harbor_ME,0,Operational,-68.205,44.3916
Bamfield,0,Operational,-125.14,48.84
Bangor,0,Operational,-5.67,54.66
Barahona,0,Operational,-71.092154,18.208137
Barbuda,0,Operational,-61.8206,17.5907
Barbuda,0,Operational,-61.8206,17.5907
Barmouth,0,Operational,-4.05,52.72
Basseterre (Coast Guard Base),1,Not operational,-62.7097333,17.2900333
Bella Bella,0,Operational,-128.14,52.16
Bocas Del Toro,0,Operational,-82.257703,9.350921
Beaufort_NC,0,Operational,-76.67,34.72
Beaufort_NC,0,Operational,-76.67,34.72
Bridgeport_CT,0,Operational,-73.1816,41.1733
Bridgeport_CT,0,Operational,-73.1816,41.1733
Bilbao3,0,Operational,-3.04513,43.35153
Blowing Point,1,Not operational,-63.0926167,18.1710861
Bermuda_UK,0,Operational,-64.7,32.36667
Banjul,1,Not operational,-16.5733333,13.4430556
Boston_MA,1,Not operational,-71.0516,42.355
Bonanza2,0,Operational,-6.33813,36.80221
Boucau-Bayonne,0,Operational,-1.51483,43.5273
Boucau-Bayonne 2,1,Not operational,-1.51483,43.5273
Bournemouth,0,Operational,-1.87,50.71
Brest,0,Operational,-4.5,48.38
Bridgetown Port,1,Not operational,-59.629,13.108
Barbers Point,1,Not operational,-158.1193,21.3218
Battery_The_NY,0,Operational,-74.02,40.7
Battery_The_NY,0,Operational,-74.02,40.7
Bullen Bay,0,Operational,-69.0196139,12.1873306
Buenaventura,1,Not operational,-77.0808,3.8906
Buenaventura,0,Operational,-77.0808,3.8906
Carrie Bow Cay,0,Operational,-88.08202,16.80283
Cabo_San_Lucas_MX,1,Not operational,-109.91,22.87861
Cadiz,1,Not operational,-6.280612,36.54214
Calliaqua Coast Guard Base,1,Not operational,-61.1955,13.129912
Lerma Campeche,0,Operational,-90.594916,19.811985
Caja de Muertos,1,Not operational,-66.528256,17.887533
Cap-Haïtien,0,Operational,-72.193371,19.759303
Carboneras,0,Operational,-1.89959,36.9743
Cartagena,1,Not operational,-0.98,37.57
Cartagena,1,Not operational,-75.5369,10.3914
Cascais,1,Not operational,-9.415384,38.693158
Castletownbere,1,Not operational,-9.9034,51.6496
Cambridge_MD,0,Operational,-76.0683,38.5733
Cambridge_MD,1,Not operational,-76.0683,38.5733
"Ciudad del Carmen, Camp.",0,Operational,-91.816667,18.616667
"Corpus Christi, TX",0,Operational,-97.2167,27.58
"Corpus Christi, TX",0,Operational,-97.2167,27.58
Cedros Bay,1,Not operational,-61.8654833,10.0940528
Isla de Cedros,1,Not operational,-115.1832,28.096
La Ceiba Cabotaje Harbor,1,Not operational,-86.76,15.79
Ceuta,1,Not operational,-5.3166,35.9
Ceuta,1,Not operational,-5.3115852,35.8959058
"Charleston, OR",0,Operational,-124.3217,43.345
"Charleston, OR",0,Operational,-124.3217,43.345
Cherbourg,0,Operational,-1.63,49.65
Cherbourg 2,0,Operational,-1.63,49.65
Puerto Chiapas/Madero,0,Operational,-92.411,14.697
Charlotteville,1,Not operational,-60.55,11.316667
Cherry_Point_WA,0,Operational,-122.758,48.863
Cherry_Point_WA,0,Operational,-122.758,48.863
"Celestun, Yuc.",0,Operational,-90.405121,20.864506
Cape_May_NJ,0,Operational,-74.96,38.9683
Cape_May_NJ,0,Operational,-74.96,38.9683
CutlerNavalBase_ME,1,Not operational,-67.3,44.64
Cocos Island,0,Operational,-87.04783,5.556083
Corn Island,0,Operational,-83.0677778,12.3272222
Concarneau,0,Operational,-3.90738,47.8737
Concarneau 2,0,Operational,-3.90738,47.8737
Acoruna,0,Operational,-8.38938,43.35727
Cordova_AK,0,Operational,-145.753,60.558
Cordova_AK,0,Operational,-145.753,60.558
Puerto Corinto,1,Not operational,-87.1675,12.4833333
La Coruña,0,Operational,-8.4,43.3666
Coveñas,1,Not operational,-76.205277,9.4091666
"Calcasieu Pass, LA",0,Operational,-93.3429,29.7682
"Calcasieu Pass, LA",1,Not operational,-93.3429,29.7682
Campbell River,0,Operational,-125.25,50.04
Crescent_City_CA,0,Operational,-124.183,41.745
Crescent_City_CA,0,Operational,-124.183,41.745
Culebra_Is_PR,0,Operational,-65.3028,18.3008
Culebra_Is_PR,0,Operational,-65.3028,18.3008
Clearwater_Beach_FL,0,Operational,-82.832,27.978
Clearwater_Beach_FL,0,Operational,-82.832,27.978
"Cutler Farris Wharf, ME",0,Operational,-67.21,44.656667
"Cutler Farris Wharf, ME",0,Operational,-67.21,44.656667
Dakar,0,Operational,-17.42,14.676
"Deshaies, Guadeloupe",0,Operational,-61.79591,16.30529
"La Desirade Island, Guadeloupe",0,Operational,-61.07248,16.30289
Dauphin_Island_AL,1,Not operational,-88.1,30.2
Dielette,0,Operational,-1.86,49.55
Dielette 2,0,Operational,-1.86,49.55
Duck_Pier_NC,0,Operational,-75.7466,36.1833
Dutch_Hbr_Unalaska,0,Operational,-166.5333,53.88333
Dutch_Hbr_Unalaska,0,Operational,-166.5333,53.88333
East_Bank_1_LA,1,Not operational,-90.368,30.05
Elfin_Cove_AK,0,Operational,-136.3433,58.1933
Elfin_Cove_AK,1,Not operational,-136.3433,58.1933
El Porvenir,0,Operational,-78.94918,9.55827
Ensenada,1,Not operational,-116.6181,31.84836
East_Port_ME,1,Not operational,-66.985,44.9033
East_Port_ME,0,Operational,-66.985,44.9033
Puerto Estrella,1,Not operational,-71.313611,12.355278
Fajardo_PR,1,Not operational,-65.6311,18.3336
Fernadina_Beach_FL,0,Operational,-81.465,30.672
Fernadina_Beach_FL,0,Operational,-81.465,30.672
Ferrol1,0,Operational,-8.32582,43.46285
Ferrol2,0,Operational,-8.24851,43.47618
Fishguard,0,Operational,-4.98,52.01
Fort_Myers_FL,0,Operational,-81.87,26.65
Fort_Myers_FL,0,Operational,-81.87,26.65
Fort_Pulaski_GA,0,Operational,-80.902,32.033
Fort_Pulaski_GA,0,Operational,-80.902,32.033
"Ft_Point,San_Fran",0,Operational,-122.465,37.807
"Ft_Point,San_Fran",0,Operational,-122.465,37.807
"Tern,Fr._Frigate_US",1,Not operational,-166.283,23.867
Frontera,1,Not operational,-94.27,18.15
"Fort-de-France, Martinique",0,Operational,-61.063333,14.601667
"Fort-de-France, Martinique2",0,Operational,-61.063333,14.601667
Fuerteventura,0,Operational,-13.85822,28.49251
Gandia,0,Operational,-0.15139,38.99521
George Town,0,Operational,-81.383484,19.295065
Gibraltar (tsunami),1,Not operational,-5.35,36.13
Gibraltar,0,Operational,-5.35,36.13
Gijon,0,Operational,-5.69835,43.55803
"Grand Isle, LA",0,Operational,-89.9567,29.2633
Galveston_Pier_TX,0,Operational,-94.793,29.31
Halifax,1,Not operational,-63.58,44.67
"Oil Platform Harvest, CA",1,Not operational,-120.66666,34.46666
Henslung Cove,1,Not operational,-133,54.18333
L'Herbaudière,0,Operational,-2.299,47.026
L'Herbaudière 2,0,Operational,-2.29889,47.02495
Heysham,0,Operational,-2.92,54.03
ElHierro,0,Operational,-17.90163,27.78408
"Hilo,Hawaii",1,Not operational,-155.058,19.733
"Hilo, Hawaii",1,Not operational,-155.058,19.733
Hinkley Point,0,Operational,-3.13,51.21
Holyhead (tsunami),0,Operational,-4.633796,53.310505
Holyhead2,0,Operational,-4.62,53.31
"Honolulu,Oahu",0,Operational,-157.867,21.307
"Honolulu, Oahu",1,Not operational,-157.867,21.307
Hawaii - TEST,1,Not operational,-157.815723,21.297978
Huatulco,0,Operational,-96.1168889,15.7500556
Huatulco,0,Operational,-96.1168889,15.7500556
Huelva5,0,Operational,-6.83369,37.13202
Ile d'Aix,0,Operational,-1.17424,46.0074
Isla Clarion,0,Operational,-114.7227,18.5338
"Ile Royale, Kourou, French Guiana",0,Operational,-52.586944,5.284444
"Ile Royale, Kourou, French Guiana 2",0,Operational,-52.586944,5.284444
Ilfracombe,0,Operational,-4.11,51.21
Immingham,0,Operational,-0.19,53.63
"Isla Mujeres, Q. R.",1,Not operational,-86.716667,21.21666
Isla Naval,0,Operational,-75.750278,10.180556
Isla Naval,1,Not operational,-75.750278,10.180556
Isabel Segunda,0,Operational,-65.435,18.150278
Jacmel,1,Not operational,-72.535388,18.230958
Jersey,0,Operational,-2.12,49.18
Johnston_US,0,Operational,-169.5233,16.739
"Kahului, Maui",0,Operational,-156.472,20.898
"Kahului, Maui",0,Operational,-156.472,20.898
"Kaumalapau, Hawaii",1,Not operational,-156.9,20.78
"Kawaihae, Hawaii",0,Operational,-155.832,20.036
"Kawaihae, Hawaii",0,Operational,-155.832,20.036
Kinlochbervie,0,Operational,-5.05,58.46
Kish Bank Lighthouse,1,Not operational,-5.92167,53.31167
"Kodiak Island, AK",0,Operational,-152.512,57.7317
"Kodiak Island, AK",0,Operational,-152.512,57.7317
Key_West_FL,0,Operational,-81.808,24.553
Key_West_FL,1,Not operational,-81.808,24.553
LaGomera,0,Operational,-17.10831,28.08777
La_Jolla_CA,1,Not operational,-117.258,32.867
La_Jolla_CA,0,Operational,-117.258,32.867
La Libertad,0,Operational,-89.319,13.4851
LameshurBayStJohnVI,0,Operational,-64.7242,18.3182
LameshurBayStJohnVI,0,Operational,-64.7242,18.3182
Langosteira,0,Operational,-8.53012,43.34653
LaPalma,0,Operational,-17.76795,28.6778
La Rochelle-Pallice,0,Operational,-1.22065,46.1585
La Rochelle-Pallice 2,0,Operational,-1.22065,46.1585
LasPalmas2,0,Operational,-15.41181,28.14056
La_Union_SV,0,Operational,-87.8181,13.3093
Lazaro Cardenas,0,Operational,-102.178053,17.939856
Le Conquet,0,Operational,-4.78,48.36
Le Conquet 2,0,Operational,-4.78,48.36
Le Crouesty,0,Operational,-2.89515,47.5427
Leith,0,Operational,-3.18,55.99
Le Robert,1,Not operational,-60.9379306,14.6768944
Lerwick (tsunami),1,Not operational,-1.145192,60.155316
Lerwick2,0,Operational,-1.145192,60.155316
Les Sables d'Olonne,0,Operational,-1.79373,46.4975
Les Sables d'Olonne 2,0,Operational,-1.79373,46.4975
Lagos,1,Not operational,-8.66683777,37.09882555
Limetree_VI,0,Operational,-64.7538,17.6947
Limetree_VI,0,Operational,-64.7538,17.6947
Limon,0,Operational,-83.0203,9.9886
Liverpool,0,Operational,-3.02,53.45
Llandudno,0,Operational,-3.83,53.33
Los_Angeles_CA,0,Operational,-118.272,33.719
Los_Angeles_CA,1,Not operational,-118.272,33.719
Los Sueños,1,Not operational,-84.6665,9.6502
La Paz,1,Not operational,-110.3,24.15
Langara_Point_BC (Henslung Cove),0,Operational,-133.1,54.2
Loreto,1,Not operational,-111.3075,25.81
Lymington,0,Operational,-1.50708,50.74031
"Puerto Madero, Chis.",0,Operational,-92.401175,14.712353
Magueyes_Island_PR,0,Operational,-67.0464,17.9701
Magueyes_Island_PR,0,Operational,-67.0464,17.9701
"Makai Pier, Waimanalo, Hawaii",1,Not operational,-157.669,21.32
Malaga,0,Operational,-4.41709,36.71184
Malin Head Peninsular,0,Operational,-7.33432,55.37168
Malpelo,1,Not operational,-81.6042,4.0024
Malpelo,0,Operational,-81.6042,4.0024
Manzanillo_MX,1,Not operational,-104.29805,19.06361
Marin,0,Operational,-8.69108,42.40612
Mayaguez_PR,0,Operational,-67.1588,18.2176
Mazatlan,1,Not operational,-106.4239,23.181397
Melilla,0,Operational,-2.92853,35.29061
Milford Haven,0,Operational,-5.05,51.71
Midway,0,Operational,-177.356,28.207
Midway,0,Operational,-177.356,28.207
Millport,0,Operational,-4.91,55.75
Mimizan,0,Operational,-1.2951,44.2107
Mimizan 2,1,Not operational,-1.2951,44.2107
Mindelo,1,Not operational,-25.0009167,16.8880278
Mona_Island_PR,0,Operational,-67.9383,18.09
Mona_Island_PR,0,Operational,-67.9383,18.09
Monterey,0,Operational,-121.8867,36.605
Monterey,0,Operational,-121.8867,36.605
"Montauk, NY",0,Operational,-71.96,41.0483
"Montauk, NY",0,Operational,-71.96,41.0483
Motril2,0,Operational,-3.5236,36.72024
Marigot,1,Not operational,-61.283093,15.547938
Mumbles,0,Operational,-3.98,51.57
Nain,0,Operational,-61.68,56.55
"Nawiliwili, Kauai",1,Not operational,-159.36,21.957
"Nawiliwili, Kauai",1,Not operational,-159.36,21.957
Newlyn2,0,Operational,-5.54275,50.103
Nouakchott,0,Operational,-15.95,18.1
Nome_AK,0,Operational,-165.43,64.5
Nome_AK,0,Operational,-165.43,64.5
Nouadhibou,1,Not operational,-17.0361889,20.8134889
Newport,0,Operational,-2.99,51.55
North Shields,0,Operational,-1.44,55.01
"North_Spit, Humboldt",0,Operational,-124.217,40.767
"North_Spit, Humboldt",0,Operational,-124.217,40.767
Nuuk harbor,0,Operational,-51.719837,64.171306
Oranjestad,0,Operational,-70.03333,12.51666
Ouistreham,0,Operational,-0.24903,49.27936
Ouistreham 2,0,Operational,-0.24903,49.27936
Port Alberni,0,Operational,-124.8137,49.2256
Palmeira,0,Operational,-22.9833,16.755
Papagayo Marina,1,Not operational,-85.656,10.6420278
"Parham (Camp Blizard), Antigua",1,Not operational,-61.7833,17.15
Puerto Cortes,0,Operational,-87.9587,15.84334
Ponta_Delgada_Azor,0,Operational,-25.68,37.73
"Penuelas (Punta Guayanilla),",1,Not operational,-66.7618,17.97253
Port Hardy,0,Operational,-127.483333,50.716667
Palmyra Island,0,Operational,-162.09,5.89
Puerto de la Luz,0,Operational,-15.41,28.13
Plymouth,0,Operational,-4.19,50.37
Pensacola_FL,0,Operational,-87.212,30.403
Pensacola_FL,0,Operational,-87.212,30.403
Port of Belize,0,Operational,-88.200506,17.473544
Portpatrick,0,Operational,-5.12,54.84
Port-Bloc,0,Operational,-1.06157,45.5685
Port-Bloc2,0,Operational,-1.06157,45.5685
Porto Santo,1,Not operational,-16.31491,33.059681
Praia,1,Not operational,-23.5021389,14.9122778
Puerto Barrios,0,Operational,-88.622018,15.694618
Le Prêcheur,0,Operational,-61.226588,14.80758
"Prickly Bay, Grenada",0,Operational,-61.764828,12.005392
Prince Rupert,1,Not operational,-130.32,54.32
"Progreso, Yuc",1,Not operational,-89.666667,21.303333
"Progreso, Yuc",1,Not operational,-89.666667,21.303333
Prudhoe_Bay_AK,0,Operational,-148.51,70.388
Prudhoe_Bay_AK,0,Operational,-148.51,70.388
Portrush,0,Operational,-6.66,55.21
Puerto Sandino,0,Operational,-86.7644444,12.2011111
"Pilots Station East, SW Pass, LA",1,Not operational,-89.4067,28.9317
"Pilots Station East, SW Pass, LA",0,Operational,-89.4067,28.9317
Port_San_Luis_CA,0,Operational,-120.753,35.168
Port_San_Luis_CA,1,Not operational,-120.753,35.168
Puerto Angel,0,Operational,-96.4916667,15.6666667
Puerto Angel,1,Not operational,-96.4916667,15.6666667
Punta Cana,0,Operational,-68.375519,18.504603
Point Galeota,1,Not operational,-60.9919444,10.1380556
Port Isaac,0,Operational,-4.83441,50.59417
"Portsmouth, Dominica",1,Not operational,-61.468456,15.558969
"Portsmouth, Dominica",0,Operational,-61.4582,15.5768
Portsmouth,0,Operational,-1.11,50.8
Puerto Plata,0,Operational,-70.702011,19.798794
Port au Prince,1,Not operational,-72.380044,18.534471
"Pointe à Pitre, Guadeloupe",0,Operational,-61.531452,16.224398
"Pointe à Pitre, Guadeloupe 2",0,Operational,-61.531452,16.224398
Port Royal,0,Operational,-76.845598,17.934614
Port St. Charles,0,Operational,-59.644853,13.262981
Port of Spain,0,Operational,-61.51666,10.65
Puerto Vallarta,0,Operational,-105.243734,20.658487
"Puerto Morelos, Q. R.",0,Operational,-86.86684,20.86813
Puerto Morelos,0,Operational,-86.86684,20.86813
"Qaqortoq, Julianehab",1,Not operational,-46.035,60.7176
Queen Charlotte,0,Operational,-132.066667,53.25
Quepos,0,Operational,-84.1702,9.4255
Reykjavik,0,Operational,-21.93333,64.15
Roscoff,0,Operational,-3.966,48.716
Roscoff 2,0,Operational,-3.966,48.716
Roseau,0,Operational,-61.3891833,15.31385
Roatan Island Punta Gorda Harbor,1,Not operational,-86.54037,16.34552
Sagres,1,Not operational,-8.928234,37.01036
Sagunto,0,Operational,-0.20624,39.63392
Saidia Marina,1,Not operational,-2.2929,35.1119
Saint-Nazaire,0,Operational,-2.2,47.26
Saint-Nazaire 2,0,Operational,-2.2,47.26
"Salina Cruz, Oax.",0,Operational,-95.196842,16.168436
"Salina Cruz, Oax.",0,Operational,-95.196842,16.168436
Santa Marta,0,Operational,-74.221572,11.235156
Santander,0,Operational,-3.79076,43.4613
San Andres,0,Operational,-81.701492,12.569489
San_Juan_PR,0,Operational,-66.1167,18.4617
San_Juan_PR,0,Operational,-66.1167,18.4617
Sapzurro,1,Not operational,-77.36527778,8.660277778
Sapzurro,0,Operational,-77.36527778,8.660277778
South_Beach_OR,0,Operational,-124.043,44.625
South_Beach_OR,0,Operational,-124.043,44.625
Scarborough,0,Operational,-60.7333,11.1667
Socoa,0,Operational,-1.68162,43.3952
Socoa2,0,Operational,-1.68162,43.3952
"Ittoqqortoormiit, Scoresbysund",0,Operational,-21.962,70.4838
Santo Domingo/p.San Andres,1,Not operational,-69.6294,18.4208
Sandown Pier,0,Operational,-1.15316,50.65111
Sand_Point_AK,0,Operational,-160.5017,55.3367
Sand_Point_AK,1,Not operational,-160.5017,55.3367
Settlement pt,0,Operational,-78.98333,26.6833324
Setubal,1,Not operational,-8.93,38.49
Sevilla,0,Operational,-6.00772,37.31849
Seward_AK,0,Operational,-149.427,60.119
Seward_AK,1,Not operational,-149.427,60.119
Sian Ka'an,1,Not operational,-87.4463333,19.3126667
Sisal,1,Not operational,-90.0483333,21.1616667
Sitka_AK,0,Operational,-135.3417,57.0517
Sitka_AK,0,Operational,-135.3417,57.0517
Puerto San Juan del Sur,1,Not operational,-85.875,11.2511111
Sanchez Magallanes,0,Operational,-93.8545,18.2968333
"Saint Pierre et Miquelon, Canada",0,Operational,-56.1005,46.4713
Second Severn Crossing,0,Operational,-2.70001,51.57012
St_Croix_VI,0,Operational,-64.69833,17.74666
St_Croix_VI,0,Operational,-64.69833,17.74666
St. Johns,0,Operational,-52.72,47.57
StLouis,1,Not operational,-16.5078056,15.9912778
Ganter's Bay,0,Operational,-60.997351,14.016428
Saint-Malo,0,Operational,-2.028,48.6416
Saint-Malo 2,0,Operational,-2.028,48.6416
St Marys,0,Operational,-6.317222,49.917861
Saint Martin Island,0,Operational,-63.085434,18.08333
Stornoway,0,Operational,-6.39,58.21
Stornoway (tsunami),0,Operational,-6.39,58.21
Saint-Quay-Portrieux,0,Operational,-2.822498,48.648195
Saint-Quay-Portrieux 2,0,Operational,-2.822498,48.648195
Swanage Pier,1,Not operational,-1.949177,50.609334
Takoradi,1,Not operational,-1.745,4.8846
Tarifa,0,Operational,-5.60351,36.00646
Tela Harbor,1,Not operational,-87.45314,15.78414
Telchac,1,Not operational,-89.308333,21.34
Tenerife2,0,Operational,-16.24111,28.47722
Tofino_BC,0,Operational,-125.91,49.15
"Thule, Pituffik",1,Not operational,-68.8626,76.5434
Teignmouth Pier,1,Not operational,-3.49179,50.5439
Tobermory,0,Operational,-6.06,56.62
Tofino,1,Not operational,-125.91,49.15
Tortola,1,Not operational,-64.608051,18.424828
Grand Turk Island,1,Not operational,-71.1497194,21.4335778
Port-Tudy (Groix island),0,Operational,-3.447057,47.643913
Tumaco,1,Not operational,-78.7287,1.82
Tumaco,0,Operational,-78.7287,1.82
Tuxpan,0,Operational,-97.4,20.97
Ullapool,0,Operational,-5.16,57.9
Utila Island,1,Not operational,-86.89468,16.09571
Valencia,0,Operational,-0.31128,39.44203
"Veracruz, Ver.",0,Operational,-96.123553,19.192061
"Veracruz, Ver.",0,Operational,-96.123553,19.192061
Vancouver Harbor,0,Operational,-123.116667,49.283333
Victoria Harbor,0,Operational,-123.37,48.42
Vieques_PR,1,Not operational,-65.4714,18.0939
Vieques_PR,0,Operational,-65.4714,18.0939
Vigo,0,Operational,-8.726,42.24314
Villagarcia,0,Operational,-8.77003,42.60071
West Bay Harbour,0,Operational,-2.76398,50.71017
Weymouth,0,Operational,-2.45,50.61
Winter_Harbour_BC,0,Operational,-128.3,50.7
Whitby,0,Operational,-0.61,54.49
Wick Harbour,0,Operational,-3.09,58.44
Winter Harbour,1,Not operational,-129.03,50.51
"Bay Waveland Yacht Club, MS",0,Operational,-89.3258,30.3264
"Bay Waveland Yacht Club, MS",0,Operational,-89.3258,30.3264
"Woods Hole, MA",0,Operational,-70.6717,41.5233
"Woods Hole, MA",0,Operational,-70.6717,41.5233
Workington,0,Operational,-3.57,54.65
"Westport, WA",0,Operational,-124.11,46.9083
"Westport, WA",1,Not operational,-124.11,46.9083
Christmas_KI,0,Operational,-157.473,1.984
"Yabucoa Harbor, PR",0,Operational,-65.833,18.0551
Yakutat_AK,0,Operational,-139.735,59.548
Yakutat_AK,0,Operational,-139.735,59.548
"Zihuatanejo, Gro",0,Operational,-101.558333,17.636667
"Zihuatanejo, Gro",1,Not operational,-101.558333,17.636667
Ancud,0,Operational,-73.833057,-41.867399
Ancud,0,Operational,-73.833057,-41.867399
Antofagasta_CL,0,Operational,-70.404441,-23.653133
Antofagasta_CL,0,Operational,-70.404441,-23.653133
Arica_CL,0,Operational,-70.3232305,-18.4758
Arica_CL,0,Operational,-70.3232305,-18.4758
Arraial do Cabo,0,Operational,-42.013796,-22.97258
Ascension,1,Not operational,-14.41666,-7.91666
Atico_PE,1,Not operational,-73.6944,-16.2311
"Baltra,Galapagos_EC",0,Operational,-90.283,-0.433
Bahia Mansa_CL,0,Operational,-73.737021,-40.581105
Bahia Mansa_CL,0,Operational,-73.737021,-40.581105
Bucalemu_CL,0,Operational,-72.046235,-34.639379
Bucalemu_CL,1,Not operational,-72.046235,-34.639379
Bucalemu_CL,0,Operational,-72.046235,-34.639379
Caldera_CL,0,Operational,-70.82471944,-27.0646055
Caldera_CL,0,Operational,-70.82471944,-27.0646055
"Callao,La-Punta_PE",0,Operational,-77.1668,-12.069
"Owenga, Chatham Island",0,Operational,-176.3688,-44.0247
Chañaral_CL,0,Operational,-70.633759,-26.351758
Chañaral_CL,0,Operational,-70.633759,-26.351758
Caleta Meteoro_CL,0,Operational,-74.066,-52.96
Caleta Meteoro_CL,0,Operational,-74.066,-52.96
Coliumo_CL,0,Operational,-72.957142,-36.53797
Constitucion_CL,0,Operational,-72.457981,-35.356061
Constitucion_CL,0,Operational,-72.457981,-35.356061
Coquimbo_CL,0,Operational,-71.335258,-29.950121
Coquimbo_CL,0,Operational,-71.335258,-29.950121
Corral_CL,0,Operational,-73.42748,-39.886595
Corral_CL,0,Operational,-73.42748,-39.886595
Coronel_CL,0,Operational,-73.151731,-37.028605
Coronel_CL,0,Operational,-73.151731,-37.028605
Castro_CL,0,Operational,-73.758181,-42.480894
Castro_CL,0,Operational,-73.758181,-42.480894
Puerto Deseado,0,Operational,-65.91469444,-47.75357778
Easter_CL,0,Operational,-109.439426,-27.15485
Easter_CL,0,Operational,-109.439426,-27.15485
Fortaleza,0,Operational,-38.4667,-3.716666667
"Leava (Futuna Island, Wallis & Futuna)",0,Operational,-178.160225,-14.296023
"Rikitea (French Polynesia, Gambier, Mangareva)",0,Operational,-134.968888,-23.117774
Gough Island,0,Operational,-9.8803,-40.34944
Bahia Gregorio_CL,0,Operational,-70.20917371,-52.64818512
Bahia Gregorio_CL,0,Operational,-70.20917371,-52.64818512
"Hiva Oa (Marquesas, French Polynesia)",0,Operational,-139.034469,-9.804869
"Huahine island (Society Islands, French Polynesia)",0,Operational,-151.0324458,-16.72156333
Huasco_CL,0,Operational,-71.223832,-28.46082
Huasco_CL,0,Operational,-71.223832,-28.46082
Iquique_CL,0,Operational,-70.14783055,-20.20457778
Iquique_CL,0,Operational,-70.14783055,-20.20457778
Juan_Fernandez,0,Operational,-78.829881,-33.636017
Juan_Fernandez,0,Operational,-78.829881,-33.636017
Kanton_KI,0,Operational,-171.718,-2.801
King Edward Point,0,Operational,-36.5,-54.28
La_Libertad_EC,0,Operational,-80.9064,-2.2177
Lebu,0,Operational,-73.664119,-37.594092
Lebu,0,Operational,-73.664119,-37.594092
Puerto Madryn,0,Operational,-65.03068611,-42.76265
"Makemo (Polynésie française, Tuamotu)",0,Operational,-143.5691,-16.6269
Matarani,0,Operational,-72.1088,-17.0009
Mejillones_CL,0,Operational,-70.450663,-23.097712
Mejillones_CL,0,Operational,-70.450663,-23.097712
Nehuentue_CL,0,Operational,-73.431097,-38.74245
Niue,1,Not operational,-169.9214,-19.0525
Nukualofa_TO,0,Operational,-175.1807,-21.1368
Nuku'Alofa Harbour wharf,1,Not operational,-175.1815,-21.138
Nehuentue_CL,0,Operational,-73.431,-38.7423
Nehuentue_CL,0,Operational,-73.431,-38.7423
"Nuku Hiva (Marquesas, French Polynesia)",0,Operational,-140.084683,-8.914847
Pago_Pago_AS,0,Operational,-170.6907,-14.2766
Pago_Pago_AS,1,Not operational,-170.6907,-14.2766
Pago_Pago_AS,0,Operational,-170.6907,-14.2766
"Papeete (Tahiti, French Polynesia)",1,Not operational,-149.572678,-17.533092
Papeete - ZRN,1,Not operational,-149.5727,-17.5331
Paposo_CL,0,Operational,-70.468728,-25.008982
Paposo_CL,0,Operational,-70.468728,-25.008982
Patache_CL,1,Not operational,-70.198029,-20.803213
Patache_CL,1,Not operational,-70.198029,-20.803213
Puerto_Chacabuco_CL,0,Operational,-72.820045,-45.467076
Puerto_Chacabuco_CL,0,Operational,-72.820045,-45.467076
Puerto Eden_CL,0,Operational,-74.408953,-49.129945
Puerto Eden_CL,0,Operational,-74.408953,-49.129945
Penrhyn_CK,0,Operational,-158.051,-9.001
Pichidangui_CL,0,Operational,-71.529306,-32.135611
Pichidangui_CL,1,Not operational,-71.529306,-32.135611
Pisagua_CL,0,Operational,-70.215639,-19.596907
Pisagua_CL,0,Operational,-70.215639,-19.596907
Mar_Del_Plata,1,Not operational,-57.55,-38.05
Mar del Plata,0,Operational,-57.53850556,-38.00015278
Puerto Melinka_CL,0,Operational,-73.748199,-43.898463
Puerto Melinka_CL,0,Operational,-73.748199,-43.898463
Puerto_Montt_CL,0,Operational,-72.96124,-41.484739
Puerto_Montt_CL,0,Operational,-72.96124,-41.484739
Antarctica Base Prat,0,Operational,-59.662899,-62.479267
Antarctica Base Prat,0,Operational,-59.662899,-62.479267
Puerto Aldea_CL,0,Operational,-71.6079,-30.292161
Punta Arenas_CL,0,Operational,-70.861985,-53.123727
Punta Arenas_CL,0,Operational,-70.861985,-53.123727
Porto de Santana,1,Not operational,-51.167938,-0.061385
Puerto_Williams_CL,0,Operational,-67.61057,-54.933197
Puerto_Williams_CL,0,Operational,-67.61057,-54.933197
Quintero_CL,0,Operational,-71.525427,-32.775493
Quintero_CL,0,Operational,-71.525427,-32.775493
Quintero_CL,1,Not operational,-71.525427,-32.775493
Queule_CL,0,Operational,-73.215057,-39.39762
Queule_CL,0,Operational,-73.215057,-39.39762
Quiriquina_CL,0,Operational,-73.057257,-36.636139
Quiriquina_CL,0,Operational,-73.057257,-36.636139
"Rangiroa Atoll (Tuamotu, French Polynesia)",0,Operational,-147.7060379,-14.94583467
Rarotonga_CK,0,Operational,-159.783,-21.2
Avatiu Rarotonga harbour wharf,1,Not operational,-159.7852,-21.2049
Raoul Island Boat Cove,0,Operational,-177.8944,-29.280016
Raoul Island Fishing Rock,0,Operational,-177.903842,-29.251144
"Rikitea (Gambier, French Polynesia)",0,Operational,-134.966628,-23.122189
Rothera,1,Not operational,-68.1333,-67.5667
Salvador (Capitania dos Portos da Bahia),0,Operational,-38.516667,-12.967333
San_Felix_CL,0,Operational,-80.108548,-26.292215
San_Felix_CL,0,Operational,-80.108548,-26.292215
San_Antonio_CL,0,Operational,-71.618188,-33.581625
San_Antonio_CL,0,Operational,-71.618188,-33.581625
San Pedro_CL,0,Operational,-74.8661,-47.7038
"SantaCruz,Galapagos",0,Operational,-90.307,-0.752
Valparaiso Test,1,Not operational,-71.6259388,-33.02730833
Stanley,1,Not operational,-57.93333,-51.75
Saint Helena_UK,1,Not operational,-5.716667,-15.916667
Saint Helena_UK Ruperts Bay,1,Not operational,-5.714394,-15.917918
Talara,0,Operational,-81.27985,-4.5778
Talcahuano_CL,0,Operational,-73.106259,-36.700846
Talcahuano_CL,0,Operational,-73.106259,-36.700846
Taltal_CL,0,Operational,-70.491683,-25.408105
Taltal_CL,1,Not operational,-70.491683,-25.408105
Tristan da Cunha,1,Not operational,-12.3,-37.05
Tocopilla_CL,0,Operational,-70.211537,-22.093748
Tocopilla_CL,0,Operational,-70.211537,-22.093748
Tubuai (Austral Islands - French Polynesia),1,Not operational,-149.4755296,-23.34180261
Apia_Upolu_WS,0,Operational,-171.7613,-13.8268
Ushuaia,0,Operational,-68.217,-54.817
Vairao (Tahiti Island - French Polynesia),1,Not operational,-149.295298,-17.805923
Valparaiso_CL,0,Operational,-71.6259388,-33.02730833
Valparaiso_CL,0,Operational,-71.6259388,-33.02730833
Vernadsky - Faraday,0,Operational,-64.27,-65.25
Vernadsky - Faraday,0,Operational,-64.27,-65.25
"Waitangi,Chatham_NZ",1,Not operational,-176.5608,-43.9458
Mata-Utu (Wallis island),0,Operational,-176.100665,-13.170479
Abashiri,0,Operational,144.29,44.02
Aburatsu,0,Operational,131.41,31.58
Aden,0,Operational,44.9742,12.7883
Ajaccio,0,Operational,8.76,41.92
Ajaccio2,0,Operational,8.76,41.92
Alcudia,0,Operational,3.13898,39.83456
Alexandria,1,Not operational,29.9235,31.2109
Alexandria,1,Not operational,29.884913,31.212396
Ancona,0,Operational,13.50651667,43.62476667
Andenes,0,Operational,16.15,69.316667
Ashdod Port,1,Not operational,34.64155,31.83051
Ashdod Marina,1,Not operational,34.626447,31.796269
Ashkhara,1,Not operational,59.57,21.85
Ashkelon,1,Not operational,34.493757,31.634928
Anzio,1,Not operational,12.63479722,41.44685833
Bari,1,Not operational,16.86603333,41.14020556
Barcelona,0,Operational,2.1657,41.34177
Batroun,1,Not operational,35.65641,34.25156
Bitung,0,Operational,125.190431,1.438944
Bodrum,1,Not operational,27.423453,37.03217
Borkum Fischerbalje,0,Operational,6.749444,53.5575
Boulogne-Sur-Mer,1,Not operational,1.57746,50.7275
Boulogne-Sur-Mer 2,1,Not operational,1.57746,50.7275
Bozcaada,1,Not operational,26.075859,39.835741
Bozyazi,1,Not operational,32.94131088,36.09741974
Breskens Handelshaven,0,Operational,3.547724554,51.40140032
Busan,1,Not operational,129.0375,35.093056
Cagliari,0,Operational,9.1142,39.2101
Calais,0,Operational,1.86772,50.9694
Calais 2,0,Operational,1.86772,50.9694
Centuri,1,Not operational,9.350146,42.966904
Centuri2,0,Operational,9.350146,42.966904
Carloforte,0,Operational,8.3081,39.1436
Chabahar,0,Operational,60.603,25.2958
Chennai,1,Not operational,80.3,13.1
Chichijima,0,Operational,142.19,27.09
Chittagong,0,Operational,91.825,22.3333
Civitavecchia,0,Operational,11.78964722,42.09395833
Ciutadella,1,Not operational,3.828154,39.987588
Cochin,1,Not operational,76.26,9.96
Colombo,1,Not operational,79.85,6.95
Colombo,0,Operational,79.8503833,6.9406
Corinth,1,Not operational,22.9365,37.9452
Crotone,0,Operational,17.13705556,39.08358056
Cromer,0,Operational,1.3,52.93
Constanta,1,Not operational,28.6,44.16
Constanta,1,Not operational,28.672,44.1475
Catania,0,Operational,15.0938,37.498
Currimao,0,Operational,120.483333,18.016667
Cuxhaven,0,Operational,8.7175,53.867778
Davao_PH,0,Operational,125.6629,7.1537
"Dekehtik,Pohnpei_FM",0,Operational,158.2001,6.9806
Delfzijl,0,Operational,6.932969942,53.32661127
Den Helder,0,Operational,4.743423443,52.96367534
Diba,1,Not operational,56.269,25.649
Dieppe,0,Operational,1.085,49.93
Dieppe 2,0,Operational,1.085,49.93
Djibouti,1,Not operational,43.1666,11.6
Deal Pier,0,Operational,1.40926,51.22379
Dover,0,Operational,1.32,51.11
Dunkerque,0,Operational,2.366698,51.04809
Dunkerque 2,0,Operational,2.366698,51.04809
Duqm,1,Not operational,57.72,19.66
Elat,1,Not operational,34.917743,29.501808
Erdemli,0,Operational,34.32793045,36.61111832
Europlatform,0,Operational,3.274687003,51.99769887
Fethiye,1,Not operational,29.0922,36.6207
La Figueirette,0,Operational,6.933767,43.483532
La Figueirette2,0,Operational,6.933767,43.483532
Formentera,0,Operational,1.41903,38.73466
Fos-sur-Mer,0,Operational,4.89293,43.4049
Fos-sur-Mer2,0,Operational,4.89293,43.4049
Fukaura,0,Operational,139.93,40.65
Gaeta,1,Not operational,13.58973611,41.20999167
Genova,0,Operational,8.9255,44.4101
Ginostra (Isola di Stromboli),0,Operational,15.193272,38.784029
Gokceada,0,Operational,25.89361,40.23139191
GoteborgTorshamnen,0,Operational,11.78,57.68
Guam (Apra Harbor),0,Operational,144.652,13.438
Gavdos,1,Not operational,24.119778,34.847986
Gwadar,0,Operational,62.339378,25.112194
Hadera,1,Not operational,34.863057,32.47053
Hadera Port,1,Not operational,34.8826,32.47233
Haifa,1,Not operational,35.007042,32.822454
Haing Gyi Kyun,0,Operational,94.3176,16.0004
Hakodate,0,Operational,140.72,41.78
Hambantota,1,Not operational,81.1275,6.124
Hanasaki,0,Operational,145.57,43.28
Hanimadhoo,0,Operational,73.1667,6.7667
Harlingen,0,Operational,5.410972908,53.1755641
Harwich,0,Operational,1.29,51.95
Herne Bay,1,Not operational,1.11521,51.38211
Helgoland Binnenhafen,0,Operational,7.891389,54.175833
Hirtshals,0,Operational,9.97,57.6
Hamada,0,Operational,132.07,34.9
Hoek van Holland,0,Operational,4.119491067,51.97747049
Honningsvåg,0,Operational,25.983333,70.983333
Hörnum,0,Operational,8.2975,54.758056
Ibiza2,0,Operational,1.44984,38.91123
Imperia,0,Operational,8.0188,43.8769
Imperia 2,1,Not operational,8.0188,43.87834
Imperia,1,Not operational,8.0188,43.87834
Ishigakijima,0,Operational,124.16,24.33
Iskenderun,0,Operational,36.17676926,36.59423065
Isole Tremiti,1,Not operational,15.50156667,42.11888056
Jask,0,Operational,57.77,25.63
Jask2,1,Not operational,57.77,25.63
Kaciveli,1,Not operational,34.05,44.416
Kalamata,1,Not operational,22.109833,37.021533
Kapingamarangi_FM,0,Operational,154.8066861,1.0779583
Kapsali,1,Not operational,23,36.14
Karachi,0,Operational,66.975,24.8117
Kasteli,1,Not operational,23.637,35.514
Katakolo,1,Not operational,21.319233,37.64045
Keti Bandar,1,Not operational,67.43,24.13
Kholmsk,1,Not operational,142.043889,47.050556
LT Kiel,0,Operational,10.274722,54.499722
Ko Miang,1,Not operational,97.6333,8.55
Koroni,1,Not operational,21.96,36.8
Korsakov,1,Not operational,142.766667,46.633333
Kos,1,Not operational,27.287792,36.898362
Ko Taphao Noi,1,Not operational,98.4167,7.8167
Cape Kril'on,1,Not operational,142.08,45.9
Kirinda,1,Not operational,81.32,6.1966
Kuril'sk,1,Not operational,147.88,45.23
Kushiro,0,Operational,144.37,42.98
Kushimoto,0,Operational,135.77,33.48
Kwajalein_MH,0,Operational,167.7383,8.7367
Kwajalein_MH,1,Not operational,167.7383,8.7367
Lampedusa,0,Operational,12.6044,35.4998
La Spezia,1,Not operational,9.8576,44.0966
Lagos,1,Not operational,3.40725,6.42052
Langkawi,0,Operational,99.7667,6.416
Larnaca,1,Not operational,33.640823,34.916181
Le Castella,1,Not operational,17.028664,38.908368
Legaspi,0,Operational,123.758117,13.146214
Le Havre,0,Operational,0.10599,49.4819
Le Havre 2,0,Operational,0.10599,49.4819
Livorno,0,Operational,10.29933889,43.54628611
La Mola de Mahon,1,Not operational,4.308363,39.872305
Lowestoft,0,Operational,1.75,52.47
Lubang,0,Operational,120.202225,13.818444
Marmara Ereglisi,0,Operational,27.96666908,40.76667023
Mahon,0,Operational,4.27056,39.89304
Majis,0,Operational,56.606,24.518
Malakal,0,Operational,134.4502,7.3282
Male,0,Operational,73.5267,4.19
Malokuril’skoe,1,Not operational,146.82,43.87
Måløy,0,Operational,5.116667,61.933333
Mangalia,1,Not operational,28.5952,43.8014
Manila,0,Operational,120.9716,14.5822
Marmagao,1,Not operational,73.8,15.41
Marseille,0,Operational,5.3558,43.2911
Majuro,0,Operational,171.3725,7.1061
Masirah,0,Operational,58.8667,20.6833
Marina di Teulada,1,Not operational,8.719503,38.927535
Marina Di Campo,0,Operational,10.23833333,42.74263333
Messina,0,Operational,15.5635,38.1963
Mera,0,Operational,139.83,34.92
Meulaboh,1,Not operational,96.131854,4.1274865
Meulaboh,1,Not operational,96.131854,4.1274865
Minicoy,1,Not operational,73.05,8.28
Minami-Tori-Shima,0,Operational,153.98,24.29
"Monaco, Fontvieille harbour",0,Operational,7.42158,43.72867
"Monaco2, Fontvieille harbour",0,Operational,7.42158,43.72867
Moulmein,0,Operational,97.6166,16.4833
"Porto Malai, Langkawi",0,Operational,99.734422,6.257092
"Kerachut, Penang",1,Not operational,100.182219,5.451019
Pulau Perak,1,Not operational,98.938797,5.684183
Pulau Perhentian,0,Operational,102.766667,5.9326
"Kudat, Sabah",0,Operational,116.845969,6.877886
"Lahad Datu, Sabah",1,Not operational,119.0775,5.075556
Muscat (BGAN),0,Operational,58.565308,23.627597
Muscat,0,Operational,58.56666667,23.63333333
Napoli,1,Not operational,14.2692,40.8397
Nagasaki,0,Operational,129.87,32.74
Naha,0,Operational,127.67,26.21
Nahodka,0,Operational,132.86,42.78
Nancowry,0,Operational,93.55,8.05
Nevel'sk,1,Not operational,141.86,46.68
Newhaven,0,Operational,0.06,50.78
Nice,0,Operational,7.285,43.695
Nice2,0,Operational,7.285,43.695
Nikol'skoe,0,Operational,166.02,55.2
Noto,0,Operational,137.16,37.5
Ny Ålesund,0,Operational,11.95,78.933333
Ofunato,0,Operational,141.75,39.02
Omaezaki,0,Operational,138.22,34.61
Ortona,1,Not operational,14.41486111,42.3559
Ormara,0,Operational,64.676439,25.203653
Ostend,0,Operational,2.9205556,51.2330556
Otranto,0,Operational,18.4969,40.1464
Palermo,1,Not operational,13.3713,38.1214
"Pago Bay, Guam",0,Operational,144.797,13.4283
Paleochora,1,Not operational,23.68,35.22
PalmadeMallorca,0,Operational,2.63748,39.56015
Panormos,1,Not operational,22.253942,38.359995
Pantelleria,1,Not operational,11.9366,36.8348
Paphos,1,Not operational,32.408819,34.755128
Paralimni,1,Not operational,34.036877,35.038288
Porto empedocle,0,Operational,13.52684,37.28576
Peiraias,1,Not operational,23.621217,37.934733
Petropavlovsk,0,Operational,158.65,53.016667
Palinuro,0,Operational,15.27529167,40.02991111
Ponza,1,Not operational,12.96558889,40.89517778
Poronajsk,1,Not operational,143.09,49.22
Pos'et,0,Operational,130.8,42.65
Portopalo di Capo Passero,1,Not operational,15.1228,36.6691
Preobrazheniye,0,Operational,133.922482,42.909229
Porto Torres,0,Operational,8.4039,40.8422
Port Blair,0,Operational,92.76,11.68
Port Ferréol,0,Operational,6.7175,43.35917
Port Ferréol 2,0,Operational,6.7175,43.35917
Port-La-Nouvelle,0,Operational,3.0372,43.0092
Port-la-Nouvelle 2,0,Operational,3.0372,43.0092
Portomaso,1,Not operational,14.494167,35.921111
Port-Vendres,0,Operational,3.10733,42.5201
Port-Vendres2,0,Operational,3.10733,42.5201
Qinglan,0,Operational,110.82,19.57
Quarry Bay,0,Operational,114.2133333,22.2911111
Qui_Nhon,0,Operational,109.2543,13.7751
Qurayat,0,Operational,58.925,23.26
Ravenna,1,Not operational,12.28293611,44.492075
Reggio Calabria,0,Operational,15.64891667,38.12171944
Rørvik,0,Operational,11.25,64.866667
Ile Rousse,0,Operational,8.938056,42.635556
Ile Rousse2,0,Operational,8.938056,42.635556
Rudnaya Pristan,0,Operational,135.8,44.35
Salerno,0,Operational,14.75083889,40.67664167
Sabang2,1,Not operational,95.3333,5.8333
Sabang,0,Operational,95.3333,5.8333
Sado,0,Operational,138.52,38.32
Saigo,0,Operational,133.33,36.2
Saipan_US,0,Operational,145.7416,15.2266
Salalah,1,Not operational,54.0067,16.935
Sao Tome,1,Not operational,6.736667,0.348333
Sassnitz,0,Operational,13.643056,54.510833
S.Benedetto Del Tronto,0,Operational,13.88975833,42.95512222
Sciacca,0,Operational,13.07645556,37.50454167
Scheveningen,0,Operational,4.263173332,52.09893226
Sète,0,Operational,3.69911,43.3976
Sete 2,0,Operational,3.69911,43.3976
Severo_Kurilsk_RU,1,Not operational,156.1388,50.678
Severo Kurilsk (web),1,Not operational,156.1388,50.678
Sheerness,0,Operational,0.74,51.45
Shenzhen,0,Operational,113.88,22.47
Sibolga,1,Not operational,98.8,1.7333
Sibolga,0,Operational,98.8,1.7333
Sinop,1,Not operational,35.15,42.016667
Sittwe,0,Operational,92.9,20.15
Smogen,0,Operational,11.22,58.35
Sobra,0,Operational,17.62,42.793
Solenzara,0,Operational,9.3738,41.8358
Solenzara2,0,Operational,9.3738,41.8358
Port Sonara,1,Not operational,9.125922,4.005786
Sosunovo,0,Operational,138.33,46.53
Sovetskaja Gavan',0,Operational,140.29,48.97
Strombolicchio,1,Not operational,15.251625,38.81748056
Starodubskoe,1,Not operational,142.82,47.41
Stari Grad,0,Operational,16.576,43.181
Stockholm,0,Operational,18.07,59.33
Subic_Bay,0,Operational,120.2833,14.8167
Sur,0,Operational,59.52,22.57
Syros,0,Operational,24.9411,37.438
Taranto,1,Not operational,17.22376389,40.47560278
Tanjong Pagar,1,Not operational,103.8516,1.2616
"Betio,Tarawa",0,Operational,172.93,1.3625
Tarragona,0,Operational,1.21325,41.07897
Telukdalam,1,Not operational,97.822,0.554
Terschelling Noordzee,0,Operational,5.332804335,53.42783414
Tosashimizu,0,Operational,132.96,32.78
Toulon,0,Operational,5.91306,43.11722
Toulon2,0,Operational,5.91306,43.11722
Toyama,0,Operational,137.22,36.76
Trieste,1,Not operational,13.7561,45.6544
Tregde,0,Operational,7.566667,58
Trinconmalee,0,Operational,81.1996,8.5637
Terneuzen,0,Operational,3.819502676,51.33620086
Uglegorsk,1,Not operational,142.07,49.08
Vardø,0,Operational,31.1,70.333333
Venice,0,Operational,12.426528,45.418219
Vela Luka,0,Operational,16.715,42.962
Veeraval,1,Not operational,70.36,20.9
Vieste,1,Not operational,16.17701111,41.88808333
Visakhapatnam,1,Not operational,83.28,17.68
Vladivostok,0,Operational,131.92,43.13
Vlissingen,0,Operational,3.597008647,51.44285825
Vlakte v/d Raan,0,Operational,3.241661685,51.50361684
Vodopadnaya,1,Not operational,157.988892,51.726762
Vung Tau,0,Operational,107.071,10.34
Wakkanai,0,Operational,141.69,45.41
Wake_US,0,Operational,166.618,19.29
Wake_US,0,Operational,166.618,19.29
Warnemünde,0,Operational,12.103333,54.169722
Khawr Wudam,1,Not operational,57.52,23.82
Yap Island,0,Operational,138.1246,9.5142
Yuzhno-Kuril'sk,1,Not operational,145.85,44.04
Zhapo,0,Operational,111.82,21.58
Zygi,1,Not operational,33.338375,34.727083
Zygi,1,Not operational,33.340228,34.726315
Agalega,0,Operational,56.58556167,-10.34559167
Ambon,0,Operational,128.18333,-3.683333
Auckland_NZ,0,Operational,174.7865,-36.8314
Burnie_Tasmania_AU,0,Operational,145.915,-41.0501
Benoa,0,Operational,115.2166,-8.7666
Blue Bay,0,Operational,57.71095,-20.44413333
Broome_AU,0,Operational,122.2186,-18.0008
Christmas_Island_AU,0,Operational,105.6693,-10.4294
Cilacap,0,Operational,109,-7.75
Cocos_Island_AU,0,Operational,96.8919,-12.1167
Comores,0,Operational,43.24809444,-11.7035
Castlepoint,0,Operational,176.2316763,-40.89929
Cape Cuvier Wharf,0,Operational,113.3969,-24.2206
Darwin_AU,0,Operational,130.8458,-12.4719
Denis Island,1,Not operational,55.6667,-3.8
Dumont d'Urville,0,Operational,140.001667,-66.651944
Durban,1,Not operational,31.03333,-29.88333
Dzaoudzi (Mayotte),0,Operational,45.2583,-12.783333
Dzaoudzi (Mayotte) 2,0,Operational,45.2583,-12.783
Enggano,1,Not operational,102.2781,-5.3461
Esperance_AU,0,Operational,121.8954,-33.8709
Cape_Ferguson_AU,0,Operational,147.0584,-19.2773
Fongafale_TV,0,Operational,179.1952,-8.5025
Gan,0,Operational,73.1517,-0.6867
Diego Garcia,0,Operational,72.4333,-7.2333
Great_Barrier_Is,0,Operational,175.4889,-36.189
Gisborne,0,Operational,178.0228774,-38.6754097
Groote Eylandt,0,Operational,136.4158,-13.86
Hienghene (New Caledonia),0,Operational,164.9421667,-20.69283333
Hillarys_Harbor_AU,0,Operational,115.7386,-31.8255
Inhambane,1,Not operational,35.5,-23.91666
Jackson Bay,0,Operational,168.6161,-43.9733
Kaikoura,0,Operational,173.7028,-42.4129
Kerguelen Island,1,Not operational,70.22,-49.345
Kerguelen Island,0,Operational,70.0218,-49.3525
"Kolinamil, Jakarta Port",0,Operational,106.89083,-6.10667
"Kolinamil 2, Jakarta Port",1,Not operational,106.89083,-6.10667
Lamu,0,Operational,40.9,-2.2667
Pt.LaRue,0,Operational,55.5,-4.5
Lata_Wharf_SB,0,Operational,165.8019,-10.7208
Lembar,0,Operational,116.07225,-8.730905556
"Lenakel, Tanna",0,Operational,169.265953,-19.53256
Lautoka_FJ,0,Operational,177.4383,-17.6049
Lifou,0,Operational,167.2786944,-20.91847222
"Litzlitz, Malekula",0,Operational,167.44397,-16.11283
Lombrum_Manus_Is_PG,0,Operational,147.3737,-2.0421
East Cape,0,Operational,178.159,-37.5503
Luganville,0,Operational,167.1886,-15.5156
Marion Island,1,Not operational,37.8667,-46.8667
Marion Island,1,Not operational,37.8667,-46.8667
"Maré (New Caledonia, Loyalty Islands)",0,Operational,167.8771,-21.5478
Manakau,0,Operational,174.5117,-37.0466
Mombasa,0,Operational,39.65,-4.067
Mtwara,0,Operational,40.2,-10.267
Port Napier,0,Operational,176.920066,-39.4756612
Nauru,0,Operational,166.9092,-0.5319
North_Cape,0,Operational,173.05,-34.41
Nouméa - Numbo (New Caledonia),0,Operational,166.4116,-22.2466
Dunedin,0,Operational,170.6294,-45.8143
"Ouinne, New Caledonia",0,Operational,166.6832765,-21.9828778
Ouvea,1,Not operational,166.561867,-20.549816
Padang,0,Operational,100.3667,-0.95
Padang2,1,Not operational,100.366667,-0.95
Pangandaran,1,Not operational,108.5013,-7.7484
Pemba,1,Not operational,40.4833,-12.966
Port_Kembla_AU,0,Operational,150.9119,-34.4738
PtMurat,0,Operational,114.191,-21.8167
Pointe Noire,1,Not operational,11.83333,-4.78333
Portland_AU,0,Operational,141.6132,-38.3434
Port_Stanavac_AU,1,Not operational,138.467,-35.1086
Prigi2,1,Not operational,111.7333,-8.2833
Prigi,0,Operational,111.7333,-8.2833
Port Elizabeth,1,Not operational,25.63333,-33.96666
Pt.Louis,0,Operational,57.5043,-20.15716
Puysegur Welcome Bay,0,Operational,166.5894083,-46.0847836
Pointe des Galets (Reunion Island),0,Operational,55.28,-20.92
Pointe des Galets (Reunion Island) 2,0,Operational,55.28,-20.92
Rodrigues,0,Operational,63.42119,-19.68024
Rosslyn_Bay_AU,0,Operational,150.7902,-23.161
Rote,1,Not operational,123.0597,-10.708
Sadeng,1,Not operational,110.7979833,-8.190194444
Saumlaki,0,Operational,131.2905722,-7.982725
Seblat,1,Not operational,101.5994,-3.224167
Semarang,0,Operational,110.42012,-6.9479
Simon's Town,1,Not operational,18.43333,-34.18333
Sainte Marie (Reunion island),0,Operational,55.536944,-20.892778
Sainte Marie (Reunion island) 2,0,Operational,55.536944,-20.892778
Honiara,0,Operational,159.9555,-9.4289
Spring_Bay_AU,0,Operational,147.9327,-42.5459
Saint-Paul Island,1,Not operational,77.538333,-38.711667
Christchurch,1,Not operational,172.7732,-43.5696
Surabaya,0,Operational,112.7405861,-7.19996944
Syowa,0,Operational,39.570278,-69.007778
Tarekukure_Wharf_SB,0,Operational,156.4086,-6.6928
Port of Tauranga,0,Operational,176.1811791,-37.6410885
Thevenard_AU,0,Operational,133.6413,-32.1489
Thio,0,Operational,166.241528,-21.613805
Tanahbala,1,Not operational,98.5,-0.53
Toamasina,0,Operational,49.4281,-18.1536
"Port Villa, Vanuatu",0,Operational,168.3077,-17.7553
"Vatia, Viti Levu",0,Operational,177.7611542,-17.3978066
Suva_Viti_Levu_FJ,0,Operational,178.4236,-18.1342
Waikelo,0,Operational,119.2187917,-9.3898
Walvis Bay,1,Not operational,14.4986,-22.9492
Wellington,0,Operational,174.7790967,-41.2846217
Zanzibar,0,Operational,39.1833,-6.15
